{"cameraMode":{"drawMode":0,"name":"Shaded","section":"Shading Mode"},"sceneLighting":false,"audioPlay":false,"sceneViewState":{"showFog":true,"showMaterialUpdate":false,"showSkybox":false,"showFlares":true,"showImageEffects":true,"showParticleSystems":true},"in2DMode":false,"pivot":{"x":0.1565338373184204,"y":1.0614491701126099,"z":0.3539557456970215},"rotation":{"x":0.07396333664655686,"y":-0.13214246928691865,"z":-0.009887870401144028,"w":-0.9884196519851685},"size":19.47426414489746,"orthographic":false}